{"cameraMode":{"drawMode":0,"name":"Shaded","section":"Shading Mode"},"sceneLighting":false,"audioPlay":false,"sceneViewState":{"showFog":true,"showMaterialUpdate":true,"showSkybox":false,"showFlares":true,"showImageEffects":true,"showParticleSystems":true},"in2DMode":false,"pivot":{"x":11.600006103515625,"y":-44.00273895263672,"z":31.199996948242189},"rotation":{"x":0.2908901572227478,"y":-0.5192561745643616,"z":0.19367387890815736,"w":0.779905378818512},"size":282.9040222167969,"orthographic":false}